id,name,age,city,salary
1,김민수,28,서울,3500000
2,이영희,35,부산,4200000
3,박철수,42,인천,5100000
4,최지원,31,대구,3800000
5,정수진,26,광주,3200000
6,강동훈,39,대전,4600000
7,윤서연,33,울산,4000000
8,임재현,29,수원,3600000
9,한소희,37,청주,4400000
10,오민호,44,전주,5300000
11,서지은,27,천안,3300000
12,권태양,36,포항,4300000
13,송하늘,30,창원,3700000
14,황민지,41,제주,4900000
15,조은비,25,안양,3100000
16,백승호,38,김해,4500000
17,신유리,32,평택,3900000
18,노준석,43,구미,5200000
19,유다은,28,양산,3500000
20,홍석진,34,진주,4100000
21,문채원,29,안산,3600000
22,배정민,40,춘천,4800000
23,곽수현,26,익산,3200000
24,남궁민,37,목포,4400000
25,선우진,31,여수,3800000
26,황보람,35,거제,4200000
27,제갈성,45,김천,5400000
28,사공아름,27,광양,3300000
29,독고준,33,밀양,4000000
30,황민석,39,경주,4600000
31,강서윤,28,사천,3500000
32,이지훈,36,통영,4300000
33,박수진,42,속초,5100000
34,최윤아,30,삼척,3700000
35,정태민,26,강릉,3200000
36,윤하영,38,원주,4500000
37,임성훈,32,동해,3900000
38,한지우,44,태백,5300000
39,오수연,29,정읍,3600000
40,서민준,35,남원,4200000
41,권나영,41,논산,4900000
42,송재윤,27,보령,3300000
43,황지호,37,서산,4400000
44,조민서,31,아산,3800000
45,백현우,34,당진,4100000
46,신다현,43,공주,5200000
47,노예진,28,계룡,3500000
48,유승우,40,금산,4800000
49,홍채린,26,부여,3200000
50,문지훈,39,서천,4600000
51,배수빈,33,청양,4000000
52,곽민혁,45,홍성,5400000
53,남궁서연,27,예산,3300000
54,선우태현,36,태안,4300000
55,황보경,30,옥천,3700000
56,제갈민,42,영동,5100000
57,사공윤서,29,진천,3600000
58,독고하준,35,괴산,4200000
59,강태우,26,음성,3200000
60,이서현,38,단양,4500000
61,박도윤,32,증평,3900000
62,최서진,44,제천,5300000
63,정예은,28,보은,3500000
64,윤지훈,37,영월,4400000
65,임수아,41,평창,4900000
66,한준혁,27,정선,3300000
67,오유진,34,철원,4100000
68,서태양,31,화천,3800000
69,권민재,43,양구,5200000
70,송하윤,29,인제,3600000
71,황지안,40,고성,4800000
72,조서우,26,양양,3200000
73,백도현,39,홍천,4600000
74,신예원,33,횡성,4000000
75,노시우,45,영월,5400000
76,유채은,27,평창,3300000
77,홍준서,36,정선,4300000
78,문서윤,30,삼척,3700000
79,배하은,42,동해,5100000
80,곽민서,28,태백,3500000
81,남궁지후,35,속초,4200000
82,선우하린,26,양구,3200000
83,황보서준,38,인제,4500000
84,제갈연우,32,고성,3900000
85,사공시윤,44,철원,5300000
86,독고도윤,29,화천,3600000
87,강서준,37,춘천,4400000
88,이하준,41,원주,4900000
89,박시은,27,강릉,3300000
90,최지우,34,동해,4100000
91,정하윤,31,삼척,3800000
92,윤서아,43,태백,5200000
93,임지호,28,속초,3500000
94,한예준,40,양양,4800000
95,오수빈,26,홍천,3200000
96,서유준,39,횡성,4600000
97,권도윤,33,영월,4000000
98,송지안,45,평창,5400000
99,황민준,27,정선,3300000
100,조하윤,36,철원,4300000
